Type,Name,Request Count,Failure Count,Median Response Time,Average Response Time,Min Response Time,Max Response Time,Average Content Size,Requests/s,Failures/s,50%,66%,75%,80%,90%,95%,98%,99%,99.9%,99.99%,100%
GET,/actuator/health,976,0,3,3.3825159835927123,1.5133999986574054,19.507599998178193,15.0,16.444356876338542,0.0,3,3,4,4,4,5,8,14,20,20,20
GET,/api/auth/github,591,0,2,2.4276177664155902,1.2888999990536831,18.555900001956616,46.20473773265651,9.957597247864834,0.0,2,2,3,3,3,3,6,8,19,19,19
GET,/api/repos,418,0,2,2.172099043130284,1.1206999988644384,17.874300003313692,0.0,7.042767596628597,0.0,2,2,2,2,3,3,4,8,18,18,18
POST,/api/webhook/github,229,0,44,43.578079039196375,6.473699999332894,49.69319999872823,0.0,3.8583583244687767,0.0,44,45,46,46,46,47,48,49,50,50,50
,Aggregated,2214,0,3,7.056628364924358,1.1206999988644384,49.69319999872823,18.94625112917796,37.303080045300746,0.0,3,3,3,4,42,44,46,46,49,50,50
